Date,Sentiment,Analysis
2014-01-01,Missing,File not found
2014-01-02,Missing,File not found
2014-01-03,Missing,File not found
2014-01-04,Missing,File not found
2014-01-05,Missing,File not found
2014-01-06,Missing,File not found
2014-01-07,Missing,File not found
2014-01-08,Missing,File not found
2014-01-09,Missing,File not found
2014-01-10,Missing,File not found
2014-01-11,Missing,File not found
2014-01-12,Missing,File not found
2014-01-13,Missing,File not found
2014-01-14,Missing,File not found
2014-01-15,Missing,File not found
2014-01-16,Missing,File not found
2014-01-17,Missing,File not found
2014-01-18,Missing,File not found
2014-01-19,Missing,File not found
2014-01-20,Missing,File not found
2014-01-21,Missing,File not found
2014-01-22,Missing,File not found
2014-01-23,Missing,File not found
2014-01-24,Missing,File not found
2014-01-25,Missing,File not found
2014-01-26,Missing,File not found
2014-01-27,Neutral,"Alright, I need to determine the impact of these tweets on the stock price of the given company. Let me go through each tweet step by step.

First, looking at the first tweet: ""$ bsac are investors in for a good ride with this subprime lender's ipo ? URL"". This seems like a call to action from investors. They're mentioning a subprime lender going public and suggesting they might be interested or involved. Subprime lenders can be risky because they often deal with borrowers who may have poor credit or low income, which could lead to financial instability if they fail.

Investors generally look at things that suggest optimism about the company's prospects. Here, the tweet is promoting a subprime lender's IPO and indicating that the investors are interested. This could be seen as positive because it might imply confidence in the company's future, especially if they have a history of successful ventures or come from a strong financial position.

However, there's also a mention of ""url"", which is likely a typo. It should probably say something like ""url"" to make sense. Without more context, I can't be entirely sure, but the initial phrasing suggests a positive outlook. So combining all these factors—promoting an IPO and indicating investor interest—I think this tweet leans towards a positive sentiment.

The other tweets are not provided, so I don't have to analyze them right now. But based on the first one, it seems like they're cautiously optimistic about the company's future. Therefore, I'll conclude that the overall impact is positive."
2014-01-28,Missing,File not found
2014-01-29,Missing,File not found
2014-01-30,Missing,File not found
2014-01-31,Missing,File not found
2014-02-01,Missing,File not found
2014-02-02,Missing,File not found
2014-02-03,Missing,File not found
2014-02-04,Missing,File not found
2014-02-05,Missing,File not found
2014-02-06,Missing,File not found
2014-02-07,Missing,File not found
2014-02-08,Missing,File not found
2014-02-09,Missing,File not found
2014-02-10,Missing,File not found
2014-02-11,Missing,File not found
2014-02-12,Missing,File not found
2014-02-13,Missing,File not found
2014-02-14,Missing,File not found
2014-02-15,Missing,File not found
2014-02-16,Missing,File not found
2014-02-17,Missing,File not found
2014-02-18,Missing,File not found
2014-02-19,Missing,File not found
2014-02-20,Missing,File not found
2014-02-21,Missing,File not found
2014-02-22,Missing,File not found
2014-02-23,Missing,File not found
2014-02-24,Missing,File not found
2014-02-25,Missing,File not found
2014-02-26,Missing,File not found
2014-02-27,Missing,File not found
2014-02-28,Missing,File not found
2014-03-01,Missing,File not found
2014-03-02,Missing,File not found
2014-03-03,Missing,File not found
2014-03-04,Missing,File not found
2014-03-05,Missing,File not found
2014-03-06,Missing,File not found
2014-03-07,Missing,File not found
2014-03-08,Missing,File not found
2014-03-09,Missing,File not found
2014-03-10,Missing,File not found
2014-03-11,Missing,File not found
2014-03-12,Missing,File not found
2014-03-13,Missing,File not found
2014-03-14,Missing,File not found
2014-03-15,Missing,File not found
2014-03-16,Missing,File not found
2014-03-17,Missing,File not found
2014-03-18,Missing,File not found
2014-03-19,Missing,File not found
2014-03-20,Missing,File not found
2014-03-21,Missing,File not found
2014-03-22,Missing,File not found
2014-03-23,Missing,File not found
2014-03-24,Missing,File not found
2014-03-25,Missing,File not found
2014-03-26,Missing,File not found
2014-03-27,Missing,File not found
2014-03-28,Missing,File not found
2014-03-29,Missing,File not found
2014-03-30,Missing,File not found
2014-03-31,Missing,File not found
2014-04-01,Missing,File not found
2014-04-02,Missing,File not found
2014-04-03,Missing,File not found
2014-04-04,Missing,File not found
2014-04-05,Missing,File not found
2014-04-06,Missing,File not found
2014-04-07,Missing,File not found
2014-04-08,Missing,File not found
2014-04-09,Missing,File not found
2014-04-10,Missing,File not found
2014-04-11,Missing,File not found
2014-04-12,Missing,File not found
2014-04-13,Missing,File not found
2014-04-14,Missing,File not found
2014-04-15,Missing,File not found
2014-04-16,Missing,File not found
2014-04-17,Missing,File not found
2014-04-18,Missing,File not found
2014-04-19,Missing,File not found
2014-04-20,Missing,File not found
2014-04-21,Missing,File not found
2014-04-22,Missing,File not found
2014-04-23,Neutral,"Alright, let me try to figure out how to analyze these tweets regarding the likely impact on the stock price of the given company. The user provided two tweets and asked for an analysis using ""[Positive]"", ""[Neutral]"", or ""[Negative]"". 

First, I need to understand what each tweet is about. The first tweet says ""$ bsac - banco santander chile announces first quarter 2014 analyst and investo ... -> URL stock stocks stockaction"". It mentions that the bank has announced an analyst report and possibly plans to invest. The second tweet is a bit shorter: ""$ bsac - banco santander chile reports financial results for q1 2015."" It's about financial results for the first quarter of 2015.

Now, I need to extract the stock symbol from these tweets. In the first tweet, it says ""stock stocks stockaction"", which might mean that the company is a major player in the financial sector, possibly related to banks or financial institutions. The second tweet mentions financial results for Q1 2015, so maybe the stock is related to bank performance or investing.

For each tweet, I should identify Positive and Negative factors. 

In the first tweet: It talks about announcing an analyst report, which could be a positive sign for investors as it shows ongoing support from analysts. The mention of ""investo"" might imply some interest in the stock, though not sure if that's positive or negative.

In the second tweet: Discusses financial results for Q1 2015. If the company is expected to perform well this year, it could be a good positive sign. Conversely, if there are concerns about upcoming expenses or growth expectations, it might be negative.

Assessing sentiment: The first tweet has some positive elements like the analyst report and potential investment interest, but also mentions ""investo,"" which isn't clear in sentiment terms. The second tweet is more about results without specific positive or negative indicators.

Overall, both tweets are providing information that could positively affect investor sentiment if the company's performance is expected to improve or there are supportive news like the analyst report. However, without concrete data on financial performance, it's hard to be certain. I need to decide if these signals are enough to make a positive conclusion.

But looking closer, the first tweet might have some mixed feelings since ""investo"" could imply mixed emotions, but maybe it's just stating intentions. The second tweet is more about results, which can give a clearer indication of future performance."
2014-04-24,Missing,File not found
2014-04-25,Missing,File not found
2014-04-26,Missing,File not found
2014-04-27,Missing,File not found
2014-04-28,Missing,File not found
2014-04-29,Missing,File not found
2014-04-30,Neutral,"Okay, so I'm trying to figure out whether the given tweet will have a positive, neutral, or negative impact on the stock price of a company. Let's break down how I should approach this.

First, I need to extract the target stock symbol from the tweet. Looking at the tweet: ""$ bsac 5:50 pm banco santander reports q1 ( mar ) resu URL"". Hmm, that doesn't seem to provide any stock symbols. Maybe it's a typo or something else is going on here. Wait, perhaps ""bsac"" is the symbol? I'm not sure about that. It could be that the user made an error in the input. Since I can't figure out the exact stock symbol from this tweet, maybe I should consider other factors.

The task mentions identifying the target stock and analyzing each relevant tweet for positive, negative, or neutral impact. But without knowing which stock we're talking about, it's hard to assess the sentiment. Maybe there are multiple stocks mentioned in different tweets? Or perhaps it's a typo, and ""bsac"" is supposed to be something else.

Wait, maybe I'm overcomplicating this. Since I don't have information on which company the tweet refers to, I should assume that each relevant tweet could influence its stock price independently. But again, without knowing which stock the user is referring to, it's impossible to evaluate the sentiment accurately.

I think in such cases where a single tweet isn't providing the necessary information about the target stock, perhaps I should look for any positive or negative clues within the tweet itself. Let me read it again: ""$ bsac 5:50 pm banco santander reports q1 ( mar ) resu URL"". It mentions ""bsac"", but nothing specific about its sector or industry. The word ""mar"" could mean March, and ""q1"" refers to quarter one. Maybe the tweet is from a financial news source discussing some event in the market for that stock.

If it's an update on a financial quarter ending at the end of March, it might be related to earnings reports, economic data, or corporate actions. Earnings reports are usually positive because they can boost investor confidence. But without knowing if this is a Q1 report (first quarter), it could also depend on how the company performed that quarter.

But again, without more context about which stock we're talking about and its industry, it's hard to assess the sentiment impact. Maybe there's another tweet related to the same stock, but in this case, only one is provided.

Wait, perhaps ""bsac"" is a typo for something else. Maybe ""Banca Santander"" or ""Banco Santander""? That could be relevant. If that's the company, it might have been mentioned before and its financial performance would influence the stock price. But again, without knowing the exact context of each tweet, I can't determine the sentiment.

I think in such situations, unless there's additional information, we should consider that each tweet is a separate event and their impact isn't directly tied to the same stock unless specified. Therefore, since the user provided only one tweet, I might need more data points or context to make an informed decision on the overall sentiment. But if I had to choose based solely on this single tweet, it's ambiguous because it doesn't mention which stock and what kind of information is relevant.

So, in conclusion, without knowing the target stock symbol or more details about its performance context, I can't accurately determine whether this tweet will have a positive, neutral, or negative impact. There might be multiple stocks involved, each with their own analysis, but without that info, it's impossible to assess."
2014-05-01,Missing,File not found
2014-05-02,Missing,File not found
2014-05-03,Missing,File not found
2014-05-04,Missing,File not found
2014-05-05,Missing,File not found
2014-05-06,Missing,File not found
2014-05-07,Missing,File not found
2014-05-08,Missing,File not found
2014-05-09,Missing,File not found
2014-05-10,Missing,File not found
2014-05-11,Missing,File not found
2014-05-12,Missing,File not found
2014-05-13,Missing,File not found
2014-05-14,Missing,File not found
2014-05-15,Missing,File not found
2014-05-16,Missing,File not found
2014-05-17,Missing,File not found
2014-05-18,Missing,File not found
2014-05-19,Missing,File not found
2014-05-20,Missing,File not found
2014-05-21,Missing,File not found
2014-05-22,Missing,File not found
2014-05-23,Missing,File not found
2014-05-24,Missing,File not found
2014-05-25,Missing,File not found
2014-05-26,Missing,File not found
2014-05-27,Missing,File not found
2014-05-28,Missing,File not found
2014-05-29,Missing,File not found
2014-05-30,Missing,File not found
2014-05-31,Missing,File not found
2014-06-01,Missing,File not found
2014-06-02,Missing,File not found
2014-06-03,Missing,File not found
2014-06-04,Missing,File not found
2014-06-05,Missing,File not found
2014-06-06,Missing,File not found
2014-06-07,Missing,File not found
2014-06-08,Missing,File not found
2014-06-09,Missing,File not found
2014-06-10,Missing,File not found
2014-06-11,Missing,File not found
2014-06-12,Missing,File not found
2014-06-13,Missing,File not found
2014-06-14,Missing,File not found
2014-06-15,Missing,File not found
2014-06-16,Missing,File not found
2014-06-17,Missing,File not found
2014-06-18,Missing,File not found
2014-06-19,Missing,File not found
2014-06-20,Missing,File not found
2014-06-21,Missing,File not found
2014-06-22,Missing,File not found
2014-06-23,Missing,File not found
2014-06-24,Missing,File not found
2014-06-25,Missing,File not found
2014-06-26,Missing,File not found
2014-06-27,Missing,File not found
2014-06-28,Missing,File not found
2014-06-29,Missing,File not found
2014-06-30,Missing,File not found
2014-07-01,Missing,File not found
2014-07-02,Missing,File not found
2014-07-03,Missing,File not found
2014-07-04,Missing,File not found
2014-07-05,Missing,File not found
2014-07-06,Missing,File not found
2014-07-07,Missing,File not found
2014-07-08,Missing,File not found
2014-07-09,Missing,File not found
2014-07-10,Missing,File not found
2014-07-11,Missing,File not found
2014-07-12,Missing,File not found
2014-07-13,Missing,File not found
2014-07-14,Missing,File not found
2014-07-15,Missing,File not found
2014-07-16,Missing,File not found
2014-07-17,Missing,File not found
2014-07-18,Missing,File not found
2014-07-19,Missing,File not found
2014-07-20,Missing,File not found
2014-07-21,Missing,File not found
2014-07-22,Missing,File not found
2014-07-23,Missing,File not found
2014-07-24,Missing,File not found
2014-07-25,Missing,File not found
2014-07-26,Missing,File not found
2014-07-27,Missing,File not found
2014-07-28,Missing,File not found
2014-07-29,Neutral,"Alright, so I've got these tweets about a company's earnings and their impact on the stock price. Let me try to break them down step by step.

First, the target stock is ""db"". Looking at each tweet:

The first tweet says: ""$ bsac - will deutsche bank ag ( db ) surprise this earnings season ? -> URL stock stocks stockaction""

Hmm, that seems a bit confusing. It mentions db, but the user probably meant to refer to DB stocks or something else? Maybe it's a typo. But regardless, the main point is whether DB surprises in the earnings season. I'm not sure about DB, so maybe this tweet is neutral because it doesn't provide specific information.

The second tweet: ""db stock closes 0.5% today - may surprise me""

This one clearly states that the stock closed down by half a percent and might surprise the user. Positive or negative? Well, a closing down of only half a percent isn't significant enough to determine emotions like positive or negative. It's more about an unexpected price movement than surprises. So this tweet is probably Neutral because it's not a strong enough indicator for sentiment.

Putting them together: The first tweet doesn't give specific info on DB, the second shows a small loss but might surprise. Since both suggest a possible price change, maybe overall it's positive? Or should I consider each tweet separately and then combine?

Wait, I think each tweet is separate. So first tweet says they're guessing whether DB will surprise in earnings season—it doesn't give specific info, so neutral. Second tweet shows a small loss but might surprise—also leaning towards Neutral because the movement is minimal.

So overall sentiment: They mention potential surprises and a possible price change, both of which could be considered as positive indicators for future stock price, albeit with some uncertainty."
2014-07-30,Missing,File not found
2014-07-31,Missing,File not found
2014-08-01,Positive,"Alright, let me tackle this problem step by step. The task is to determine whether a given tweet affects the stock price positively, neutrally, or negatively for a company. 

First, I need to extract the target stock symbol from the tweets provided. Looking at the first tweet: ""$ bsac banco santander chile announces second quarter URL"". That looks like it's about Bank of Santander and Bank de Santander (BSAC) announcing their second-quarter financial results. So the target stock is probably BSAC or its derivatives.

Next, I'll go through each relevant tweet to analyze them one by one. Although there's only one tweet here, it's crucial because this single tweet will determine the overall impact on the stock price. 

Looking at the tweet: ""$ bsac banco santander chile announces second quarter URL"". This clearly mentions that Bank of Santander and Bank de Santander are announcing their financial results for the second quarter. 

I need to assess each factor in the tweet—Positive factors, Negative factors. The tweet is positive because it's an update on a company's performance. It doesn't mention any negative details or warnings, so there aren't any Negative factors.

Now, evaluating sentiment: Since the tweet is about an announcement of financial results and it's positive, it should have a positive sentiment towards investors. 

Putting it all together: Positive impact on the stock price because the company is expected to perform well in the second quarter."
2014-08-02,Missing,File not found
2014-08-03,Missing,File not found
2014-08-04,Missing,File not found
2014-08-05,Missing,File not found
2014-08-06,Missing,File not found
2014-08-07,Missing,File not found
2014-08-08,Missing,File not found
2014-08-09,Missing,File not found
2014-08-10,Missing,File not found
2014-08-11,Missing,File not found
2014-08-12,Missing,File not found
2014-08-13,Missing,File not found
2014-08-14,Missing,File not found
2014-08-15,Missing,File not found
2014-08-16,Missing,File not found
2014-08-17,Missing,File not found
2014-08-18,Missing,File not found
2014-08-19,Missing,File not found
2014-08-20,Missing,File not found
2014-08-21,Missing,File not found
2014-08-22,Missing,File not found
2014-08-23,Missing,File not found
2014-08-24,Missing,File not found
2014-08-25,Missing,File not found
2014-08-26,Missing,File not found
2014-08-27,Missing,File not found
2014-08-28,Missing,File not found
2014-08-29,Missing,File not found
2014-08-30,Missing,File not found
2014-08-31,Missing,File not found
2014-09-01,Missing,File not found
2014-09-02,Missing,File not found
2014-09-03,Missing,File not found
2014-09-04,Missing,File not found
2014-09-05,Missing,File not found
2014-09-06,Missing,File not found
2014-09-07,Missing,File not found
2014-09-08,Missing,File not found
2014-09-09,Missing,File not found
2014-09-10,Missing,File not found
2014-09-11,Missing,File not found
2014-09-12,Missing,File not found
2014-09-13,Missing,File not found
2014-09-14,Missing,File not found
2014-09-15,Missing,File not found
2014-09-16,Missing,File not found
2014-09-17,Missing,File not found
2014-09-18,Missing,File not found
2014-09-19,Missing,File not found
2014-09-20,Missing,File not found
2014-09-21,Missing,File not found
2014-09-22,Missing,File not found
2014-09-23,Missing,File not found
2014-09-24,Missing,File not found
2014-09-25,Missing,File not found
2014-09-26,Missing,File not found
2014-09-27,Missing,File not found
2014-09-28,Missing,File not found
2014-09-29,Missing,File not found
2014-09-30,Missing,File not found
2014-10-01,Missing,File not found
2014-10-02,Missing,File not found
2014-10-03,Missing,File not found
2014-10-04,Missing,File not found
2014-10-05,Missing,File not found
2014-10-06,Missing,File not found
2014-10-07,Missing,File not found
2014-10-08,Missing,File not found
2014-10-09,Missing,File not found
2014-10-10,Missing,File not found
2014-10-11,Missing,File not found
2014-10-12,Missing,File not found
2014-10-13,Missing,File not found
2014-10-14,Missing,File not found
2014-10-15,Missing,File not found
2014-10-16,Missing,File not found
2014-10-17,Missing,File not found
2014-10-18,Missing,File not found
2014-10-19,Missing,File not found
2014-10-20,Missing,File not found
2014-10-21,Missing,File not found
2014-10-22,Missing,File not found
2014-10-23,Missing,File not found
2014-10-24,Missing,File not found
2014-10-25,Missing,File not found
2014-10-26,Missing,File not found
2014-10-27,Missing,File not found
2014-10-28,Missing,File not found
2014-10-29,Missing,File not found
2014-10-30,Missing,File not found
2014-10-31,Missing,File not found
2014-11-01,Missing,File not found
2014-11-02,Missing,File not found
2014-11-03,Missing,File not found
2014-11-04,Missing,File not found
2014-11-05,Missing,File not found
2014-11-06,Missing,File not found
2014-11-07,Missing,File not found
2014-11-08,Positive,"Alright, so I need to figure out how these tweets affect the stock price for a given company. Let's see what each tweet is saying.

First, the target stock symbol is bsac. But the exact name isn't clear from the tweets yet. The first tweet says ""gapped up +0.10 $ bsac last price 22.36 day high 22.61 day low 21.99 change +0.52 volume 742,775 today 101 URL."" Hmm, I'm not sure about the exact stock name here. Maybe it's a misrepresentation or perhaps the symbol is different? But since the output is based on the given tweets, maybe I should focus on the numbers and changes mentioned.

Looking at each tweet:

1. The first one mentions that $ bsac last price was 22.36, day high, day low, change +0.52, volume 742k, today 101 URL. This seems to be about the stock's performance over time and volume. Positive changes like a higher high and low, plus positive volume can indicate good momentum.

But wait, I'm not sure what ""bsac"" stands for because it doesn't look like an acronym or common symbol. Maybe it's a typo or something else entirely. If it's about the stock's price movement, that could be positive because of higher lows and changes. But without knowing the stock name, it's hard to interpret.

Assuming this tweet is about the stock performance and not the company itself, so maybe it's just analyzing the market trends for the company. The +0.52 change could mean the price went up by 0.52%, which is a positive sign, and higher lows (day low at 21.99) might indicate support or trend.

The second tweet starts with ""Solving Process:"" but I don't see any relevant factors here since it's just an introductory line without any data. So perhaps this tweet isn't providing useful information for the stock price analysis, making its impact unclear.

Third tweet is similar to the first one in structure: mentions changes and volume, ends with a URL. But again, unless it's related to the company name or stock symbol, it doesn't provide specific data about the stock performance.

Given that I'm not certain what ""bsac"" stands for, I can only analyze based on the numbers and trends. The first tweet could be positively affecting investor confidence by showing the stock is trending upwards, but without knowing the exact stock name, it's speculative.

Since two tweets are incomplete or about something else besides the stock performance, their impact might be ambiguous. However, the third tweet has a URL, which might link to specific data on the company's financials or market position, indicating a positive outlook. The first tweet might show mixed signs with higher lows but overall support.

I think I should focus on the most complete tweet, assuming it's about the stock performance. The +0.52 change and higher lows could suggest an upward trend, which is positive. But if ""bsac"" isn't a known company, this analysis would be uncertain. However, since it's provided, perhaps it's a relevant tweet for analysis."
2014-11-09,Neutral,"Okay, so I need to figure out the impact of these tweets on the stock price of a company and then decide if it's positive, neutral, or negative. The user provided two tweets and told me to analyze them.

First, looking at the first tweet: ""bsac year to date has changed -5.13 % percent . +1.08 % in the last 30 days . $ bsac banco santander-chile ads full URL"". Hmm, it starts by talking about changes in the company's performance over the year and in the past three months. It also mentions bank and Santander-Chile ads. I'm not sure what ""bsac"" stands for here—maybe a specific company? The use of ""bank"" makes me think it could be related to banking stocks, which are usually seen as positive because banks are stable and have good margins.

The fact that the stock price is down by 5% year-to-date and up in the past three months suggests some inconsistency. But since bank stocks can fluctuate based on economic conditions, I should consider other factors too. The mention of Santander-Chile ads might be relevant because they're a financial institution, possibly contributing to positive trends in their sector.

Putting that together, while the stock's performance isn't great year-to-date, the recent positive trend could indicate improvement. However, if there are underlying issues or if the company is affected by external factors like economic downturns, it might be more negative. But overall, the bank sector tends to be seen as stable and profitable.

So I'm leaning towards a neutral stance because the stock's performance has been mixed, but some areas could be positive."
2014-11-10,Missing,File not found
2014-11-11,Missing,File not found
2014-11-12,Missing,File not found
2014-11-13,Missing,File not found
2014-11-14,Missing,File not found
2014-11-15,Missing,File not found
2014-11-16,Missing,File not found
2014-11-17,Missing,File not found
2014-11-18,Missing,File not found
2014-11-19,Missing,File not found
2014-11-20,Missing,File not found
2014-11-21,Missing,File not found
2014-11-22,Missing,File not found
2014-11-23,Missing,File not found
2014-11-24,Missing,File not found
2014-11-25,Missing,File not found
2014-11-26,Missing,File not found
2014-11-27,Missing,File not found
2014-11-28,Missing,File not found
2014-11-29,Missing,File not found
2014-11-30,Missing,File not found
2014-12-01,Missing,File not found
2014-12-02,Missing,File not found
2014-12-03,Missing,File not found
2014-12-04,Missing,File not found
2014-12-05,Missing,File not found
2014-12-06,Missing,File not found
2014-12-07,Missing,File not found
2014-12-08,Missing,File not found
2014-12-09,Missing,File not found
2014-12-10,Missing,File not found
2014-12-11,Missing,File not found
2014-12-12,Missing,File not found
2014-12-13,Missing,File not found
2014-12-14,Missing,File not found
2014-12-15,Missing,File not found
2014-12-16,Missing,File not found
2014-12-17,Missing,File not found
2014-12-18,Missing,File not found
2014-12-19,Missing,File not found
2014-12-20,Missing,File not found
2014-12-21,Missing,File not found
2014-12-22,Missing,File not found
2014-12-23,Missing,File not found
2014-12-24,Missing,File not found
2014-12-25,Missing,File not found
2014-12-26,Missing,File not found
2014-12-27,Missing,File not found
2014-12-28,Missing,File not found
2014-12-29,Missing,File not found
2014-12-30,Missing,File not found
2014-12-31,Missing,File not found
2015-01-01,Missing,File not found
2015-01-02,Missing,File not found
2015-01-03,Missing,File not found
2015-01-04,Missing,File not found
2015-01-05,Missing,File not found
2015-01-06,Missing,File not found
2015-01-07,Missing,File not found
2015-01-08,Missing,File not found
2015-01-09,Missing,File not found
2015-01-10,Missing,File not found
2015-01-11,Missing,File not found
2015-01-12,Missing,File not found
2015-01-13,Missing,File not found
2015-01-14,Missing,File not found
2015-01-15,Missing,File not found
2015-01-16,Missing,File not found
2015-01-17,Missing,File not found
2015-01-18,Missing,File not found
2015-01-19,Missing,File not found
2015-01-20,Missing,File not found
2015-01-21,Missing,File not found
2015-01-22,Missing,File not found
2015-01-23,Missing,File not found
2015-01-24,Missing,File not found
2015-01-25,Missing,File not found
2015-01-26,Missing,File not found
2015-01-27,Missing,File not found
2015-01-28,Missing,File not found
2015-01-29,Missing,File not found
2015-01-30,Missing,File not found
2015-01-31,Missing,File not found
2015-02-01,Missing,File not found
2015-02-02,Missing,File not found
2015-02-03,Missing,File not found
2015-02-04,Missing,File not found
2015-02-05,Missing,File not found
2015-02-06,Missing,File not found
2015-02-07,Missing,File not found
2015-02-08,Missing,File not found
2015-02-09,Missing,File not found
2015-02-10,Missing,File not found
2015-02-11,Missing,File not found
2015-02-12,Missing,File not found
2015-02-13,Missing,File not found
2015-02-14,Missing,File not found
2015-02-15,Missing,File not found
2015-02-16,Missing,File not found
2015-02-17,Missing,File not found
2015-02-18,Missing,File not found
2015-02-19,Missing,File not found
2015-02-20,Missing,File not found
2015-02-21,Missing,File not found
2015-02-22,Missing,File not found
2015-02-23,Missing,File not found
2015-02-24,Missing,File not found
2015-02-25,Missing,File not found
2015-02-26,Missing,File not found
2015-02-27,Missing,File not found
2015-02-28,Missing,File not found
2015-03-01,Missing,File not found
2015-03-02,Missing,File not found
2015-03-03,Missing,File not found
2015-03-04,Missing,File not found
2015-03-05,Missing,File not found
2015-03-06,Missing,File not found
2015-03-07,Missing,File not found
2015-03-08,Missing,File not found
2015-03-09,Missing,File not found
2015-03-10,Missing,File not found
2015-03-11,Missing,File not found
2015-03-12,Missing,File not found
2015-03-13,Missing,File not found
2015-03-14,Missing,File not found
2015-03-15,Missing,File not found
2015-03-16,Missing,File not found
2015-03-17,Missing,File not found
2015-03-18,Missing,File not found
2015-03-19,Missing,File not found
2015-03-20,Missing,File not found
2015-03-21,Missing,File not found
2015-03-22,Missing,File not found
2015-03-23,Missing,File not found
2015-03-24,Missing,File not found
2015-03-25,Positive,"Okay, so I need to figure out how the provided tweets affect the stock price of a company. The user gave me two tweets and wants an analysis on whether each is positive, neutral, or negative. Let's break this down step by step.

First, looking at the first tweet: ""$ bsac URL"". Hmm, that doesn't seem like a real stock symbol because it ends with ""URL"" which usually stands for something else. Maybe the user made a typo here. I think it should probably be ""$ bsac XYZ"" if that's a real stock. But since I can't assume anything about the company or its stock, I'll treat this tweet as potentially neutral or positive.

Now, looking at the second tweet: ""The tech startup has developed a breakthrough in self-driving cars."" This sounds promising because it's talking about innovation and a significant advancement. Self-driving cars are a hot topic these days, especially with companies like Tesla or Waymo. This could drive demand for the stock, making investors more optimistic.

Putting this together, the first tweet is unclear but might be neutral if it's just an error. The second tweet is clearly positive because it highlights a breakthrough that could boost the company's performance. Combining both, the overall sentiment is likely Positive."
2015-03-26,Missing,File not found
2015-03-27,Missing,File not found
2015-03-28,Missing,File not found
2015-03-29,Missing,File not found
2015-03-30,Missing,File not found
2015-03-31,Missing,File not found
2015-04-01,Missing,File not found
2015-04-02,Missing,File not found
2015-04-03,Missing,File not found
2015-04-04,Missing,File not found
2015-04-05,Missing,File not found
2015-04-06,Missing,File not found
2015-04-07,Missing,File not found
2015-04-08,Missing,File not found
2015-04-09,Missing,File not found
2015-04-10,Missing,File not found
2015-04-11,Missing,File not found
2015-04-12,Missing,File not found
2015-04-13,Missing,File not found
2015-04-14,Missing,File not found
2015-04-15,Missing,File not found
2015-04-16,Missing,File not found
2015-04-17,Missing,File not found
2015-04-18,Missing,File not found
2015-04-19,Missing,File not found
2015-04-20,Missing,File not found
2015-04-21,Missing,File not found
2015-04-22,Missing,File not found
2015-04-23,Missing,File not found
2015-04-24,Missing,File not found
2015-04-25,Missing,File not found
2015-04-26,Missing,File not found
2015-04-27,Missing,File not found
2015-04-28,Missing,File not found
2015-04-29,Missing,File not found
2015-04-30,Missing,File not found
2015-05-01,Missing,File not found
2015-05-02,Missing,File not found
2015-05-03,Missing,File not found
2015-05-04,Missing,File not found
2015-05-05,Missing,File not found
2015-05-06,Missing,File not found
2015-05-07,Missing,File not found
2015-05-08,Missing,File not found
2015-05-09,Missing,File not found
2015-05-10,Missing,File not found
2015-05-11,Missing,File not found
2015-05-12,Missing,File not found
2015-05-13,Missing,File not found
2015-05-14,Missing,File not found
2015-05-15,Missing,File not found
2015-05-16,Missing,File not found
2015-05-17,Missing,File not found
2015-05-18,Missing,File not found
2015-05-19,Missing,File not found
2015-05-20,Missing,File not found
2015-05-21,Missing,File not found
2015-05-22,Missing,File not found
2015-05-23,Missing,File not found
2015-05-24,Missing,File not found
2015-05-25,Missing,File not found
2015-05-26,Missing,File not found
2015-05-27,Missing,File not found
2015-05-28,Missing,File not found
2015-05-29,Missing,File not found
2015-05-30,Missing,File not found
2015-05-31,Missing,File not found
2015-06-01,Negative,"Alright, so I need to figure out how the given tweets impact the stock price of a company. Let me break it down step by step.

First, looking at the target stock symbol isn't provided in this case, but maybe it's implied that each tweet is about that specific stock. The first tweet says: ""$ bsac received a new alert . find out why at URL stocks daytrading trading mkt nyse nasdaq markets 401""

I'm guessing 'bsac' is the stock symbol. So the tweet mentions an alert, which could mean they're monitoring or concerned about something specific with their stock. The wording ""find out why"" suggests that it's a problem to be solved.

Next, I'll analyze each part of the tweet:

- They're mentioning daytrading and trading activities on NYSE and NASDAQ.
- They talk about markets: 401? Wait, 401 is an IP address or something else. Maybe it's a typo for 405, but that doesn't make sense here. Alternatively, maybe the number 401 refers to something else, perhaps the stock code?

Wait, 'bsac' is probably the stock symbol. The phrase ""daytrading trading mkt nyse nasdaq markets"" seems like they're monitoring or looking into day trading strategies on these exchanges.

The tweet ends with ""401"". I'm not sure what that means. It might be a typo and should be 405, but since it's given as is, maybe the number isn't relevant unless there's something specific about that exchange code.

Putting this together: The tweet is likely monitoring their stock for day trading strategies or issues. They're concerned because of the mention of ""why"" after ""find out"". It sounds like they're being prompted to investigate a problem with their stock, which could lead to more actions on the stock market.

Considering all that, I think this tweet indicates a negative sentiment towards the stock. Since it's prompting action and showing concern about issues related to trading, investors might worry about the company's performance or stability."
2015-06-02,Missing,File not found
2015-06-03,Missing,File not found
2015-06-04,Missing,File not found
2015-06-05,Missing,File not found
2015-06-06,Missing,File not found
2015-06-07,Missing,File not found
2015-06-08,Missing,File not found
2015-06-09,Missing,File not found
2015-06-10,Negative,"Alright, I'm presented with a query where I need to analyze some tweets to determine their impact on a company's stock price. The user provided two tweets and an output requirement to classify them as positive, neutral, or negative.

First, looking at the first tweet: ""Banco santander-chile downgraded to “ hold ” at zacks $ bsac URL."" I know that banks can make decisions about their stock performance, like adjusting their target price. Downgrading a stock typically means they're reconsidering its valuation. This is generally seen as a negative event because it might signal uncertainty or instability in the company's fundamentals.

Now, for the second tweet: ""Reinforcement of a previous sentiment"" with an unknown content (URL missing). Since I can't access external links like URLs, this tweet is incomplete. Without knowing what's inside, it's challenging to assess its impact on stock price. It could be reinforcing positive or negative sentiments, but without specifics, the analysis remains uncertain.

Combining these two tweets, the first one strongly indicates a downward adjustment, which is likely negative. The second tweet’s content is missing, making it hard to determine its sentiment. However, considering the overall context and the information provided, the primary factor influencing the stock price here is the bank's decision. Even though the second tweet is incomplete, it probably doesn't add much except possibly providing additional information.

Given that the first tweet alone suggests a downward move, which would likely impact the stock negatively, I'll classify this as [Negative]. The second tweet's content without a URL means I can't be certain, but since the main effect seems to come from the bank downgrading their stock price, it leans towards negative."
2015-06-11,Missing,File not found
2015-06-12,Missing,File not found
2015-06-13,Missing,File not found
2015-06-14,Missing,File not found
2015-06-15,Missing,File not found
2015-06-16,Missing,File not found
2015-06-17,Missing,File not found
2015-06-18,Missing,File not found
2015-06-19,Missing,File not found
2015-06-20,Missing,File not found
2015-06-21,Missing,File not found
2015-06-22,Missing,File not found
2015-06-23,Missing,File not found
2015-06-24,Missing,File not found
2015-06-25,Missing,File not found
2015-06-26,Missing,File not found
2015-06-27,Missing,File not found
2015-06-28,Missing,File not found
2015-06-29,Missing,File not found
2015-06-30,Missing,File not found
2015-07-01,Missing,File not found
2015-07-02,Missing,File not found
2015-07-03,Missing,File not found
2015-07-04,Missing,File not found
2015-07-05,Missing,File not found
2015-07-06,Missing,File not found
2015-07-07,Missing,File not found
2015-07-08,Missing,File not found
2015-07-09,Missing,File not found
2015-07-10,Missing,File not found
2015-07-11,Missing,File not found
2015-07-12,Missing,File not found
2015-07-13,Missing,File not found
2015-07-14,Missing,File not found
2015-07-15,Missing,File not found
2015-07-16,Missing,File not found
2015-07-17,Missing,File not found
2015-07-18,Missing,File not found
2015-07-19,Missing,File not found
2015-07-20,Missing,File not found
2015-07-21,Missing,File not found
2015-07-22,Missing,File not found
2015-07-23,Missing,File not found
2015-07-24,Missing,File not found
2015-07-25,Missing,File not found
2015-07-26,Missing,File not found
2015-07-27,Missing,File not found
2015-07-28,Missing,File not found
2015-07-29,Missing,File not found
2015-07-30,Missing,File not found
2015-07-31,Missing,File not found
2015-08-01,Missing,File not found
2015-08-02,Missing,File not found
2015-08-03,Missing,File not found
2015-08-04,Missing,File not found
2015-08-05,Missing,File not found
2015-08-06,Missing,File not found
2015-08-07,Positive,"Okay, I need to analyze these tweets to determine their impact on a company's stock price. Let me start by understanding what each tweet is saying and whether it's positive, negative, or neutral.

The first tweet says: ""chile's banking industry part 2 : banco santander-chile URL $ bsac"". Hmm, I notice that 'santaclarieba' seems like a typo because 'santaclara' is the Spanish word for Santa Clara, which is a city in Chile. So maybe this tweet is trying to convey something about the banking sector in Chile or Santa Clara. It mentions the bank Santander-Chile and talks about the URL being $bsac. The mention of the bank name suggests they're discussing financial news related to banking, which could be positive because financial news often impacts stock prices positively.

The second tweet is: ""Santander Bank is a leading global financial services company with a strong presence in the Chilean market"". This tweet clearly states that Santander Bank is a leading financial services company. The strong presence in Chile's market and their position as a leading player are positive signs for investors, especially those looking at Chile or the broader financial sector.

Both tweets point towards positive information about Santander Bank. The first mentions a banking industry aspect of Chile, which could be significant in the local economy. The second tweet directly states their role in the Chilean market. These positive elements would likely encourage stock prices to go up because they're reinforcing investor confidence and expectations."
2015-08-08,Missing,File not found
2015-08-09,Missing,File not found
2015-08-10,Missing,File not found
2015-08-11,Missing,File not found
2015-08-12,Missing,File not found
2015-08-13,Missing,File not found
2015-08-14,Missing,File not found
2015-08-15,Missing,File not found
2015-08-16,Missing,File not found
2015-08-17,Missing,File not found
2015-08-18,Missing,File not found
2015-08-19,Missing,File not found
2015-08-20,Missing,File not found
2015-08-21,Missing,File not found
2015-08-22,Missing,File not found
2015-08-23,Missing,File not found
2015-08-24,Missing,File not found
2015-08-25,Missing,File not found
2015-08-26,Missing,File not found
2015-08-27,Missing,File not found
2015-08-28,Missing,File not found
2015-08-29,Missing,File not found
2015-08-30,Positive,"Okay, I need to figure out how to determine the impact of these tweets on the stock price of a company based on the given rules. Let me start by understanding the process they provided.

First, the target stock symbol is ""tbev"". Hmm, that doesn't ring a bell immediately. Wait, maybe it's not an actual company name. But perhaps I should proceed without worrying about it. The tweets are: 

1. tbev high performance beverage co . bid URL $ tbev share share

I think the main elements here are ""tbev"", ""high performance beverage co"", and some other keywords like ""bid"", ""URL"", ""$"", ""share"". So, maybe ""tbev"" is a company name that sells beverages, perhaps in the beverage industry.

Now, looking at each tweet:

1. The first line seems to be a header with links and dollar signs. It mentions ""tbev high performance beverage co . bid URL $ tbev share share."" This could be related to a stock name or ticker symbol. Maybe it's about the company, like if they are selling stock shares.

2. The second tweet is just repeating parts of the first one but with some typos and missing words: ""tbev high performance beverage co . bid URL $ tbev share share"". It seems similar to the first line, probably referring back to something else.

3. The third tweet is ""tbev high performance beverage co . bid url $ tbev share share."" This also looks like it's about stock shares, possibly indicating ownership or ownership stake in the company.

Now, thinking about how these tweets affect investor sentiment. If the tweets mention selling stock shares, that usually signals positive news because it indicates ownership interest among investors, which can boost the stock price. Conversely, if they refer to something negative like a reduction in stock shares, it might indicate that shares are being sold off, leading to potential下跌.

Looking at each tweet:

- The first two seem to be reiterating similar information but slightly misphrased.
- The third one mentions ""bid url,"" which could mean bid (ask) or buy order, possibly related to buying shares. But it's a bit unclear if it's about the stock price itself.

Putting this together, multiple tweets suggesting that tbev is selling its stock might indicate investor confidence in the company and therefore a positive impact on the stock price. The use of ""share share"" could be indicating a change in ownership stake, further reinforcing a favorable outlook."
2015-08-31,Missing,File not found
2015-09-01,Missing,File not found
2015-09-02,Missing,File not found
2015-09-03,Missing,File not found
2015-09-04,Missing,File not found
2015-09-05,Missing,File not found
2015-09-06,Missing,File not found
2015-09-07,Missing,File not found
2015-09-08,Missing,File not found
2015-09-09,Missing,File not found
2015-09-10,Neutral,"Alright, let me try to figure out how to approach this query. The user provided some tweets and wants me to determine their impact on the stock price for a given company. They want me to list out the steps I took and then decide if it's positive, neutral, or negative.

First, I'll look at each tweet one by one. The first tweet is ""$ bsac : banco santander chile ( nyse : bsac ) price target update : URL"". That seems like a company profile or maybe some financial analysis. I notice the word ""price target"" which could be about stock price expectations. But without specific details, it's hard to tell if that affects the stock positively or negatively.

I'll list out each tweet:

1. The first tweet mentions bank and banks specifically, so perhaps something about banks in Chile. This might not directly impact a general stock, unless it's from a company involved.
2. The second tweet is about ""bancos"" which can refer to multiple banks, but again, not specific enough for the overall market.

Since I don't have more context on what these tweets are about, I'll assume they're just informational or maybe leading to some analysis. But without clear positive or negative cues, it's challenging. Maybe each tweet is neutral because they're providing information rather than predicting stock movements.

I think the best approach is to say [Neutral] since no explicit positive or negative signals are given."
2015-09-11,Negative,"Okay, so I need to figure out how these tweets affect the stock price of Alcoa. Let me break it down step by step.

First, the target stock is AA, which stands for Alcoa. Now, looking at the tweets, there are two pieces of information: an address and a date with a timestamp. The second tweet seems to include some numbers and mentions financial tech sectors. 

The first tweet starts with ""aa alcoa , inc . day high URL $ aa $ slv $ bsac $ cm.to aa nasdaq financeaan aaron chart URL"". I notice a lot of symbols, maybe related to the stock name or something else? It looks like it's trying to link Alcoa to NASDAQ and mention some financial data. That might indicate positive news because investors are often excited about Nasdaq being involved.

The second tweet is ""volumeshiftup $ bsac $ nvet $ edap $ copx $ bpmc fintech finance URL 2015091 1 08:00 : 07:063"". The word 'volumeshiftup' sounds positive, and the mention of fintech makes me think there's some interest or growth in that sector. It's possible a significant shift in volume could suggest good news for investors.

So combining these thoughts, both tweets are talking about financial events, especially NASDAQ involvement and fintech trends. That's a boost to stock sentiment. Hence, the overall impact is positive."
2015-09-12,Missing,File not found
2015-09-13,Missing,File not found
2015-09-14,Missing,File not found
2015-09-15,Missing,File not found
2015-09-16,Missing,File not found
2015-09-17,Missing,File not found
2015-09-18,Missing,File not found
2015-09-19,Missing,File not found
2015-09-20,Missing,File not found
2015-09-21,Missing,File not found
2015-09-22,Missing,File not found
2015-09-23,Missing,File not found
2015-09-24,Missing,File not found
2015-09-25,Missing,File not found
2015-09-26,Missing,File not found
2015-09-27,Missing,File not found
2015-09-28,Missing,File not found
2015-09-29,Missing,File not found
2015-09-30,Missing,File not found
2015-10-01,Missing,File not found
2015-10-02,Missing,File not found
2015-10-03,Missing,File not found
2015-10-04,Missing,File not found
2015-10-05,Missing,File not found
2015-10-06,Missing,File not found
2015-10-07,Missing,File not found
2015-10-08,Missing,File not found
2015-10-09,Missing,File not found
2015-10-10,Missing,File not found
2015-10-11,Missing,File not found
2015-10-12,Missing,File not found
2015-10-13,Missing,File not found
2015-10-14,Missing,File not found
2015-10-15,Missing,File not found
2015-10-16,Missing,File not found
2015-10-17,Missing,File not found
2015-10-18,Missing,File not found
2015-10-19,Missing,File not found
2015-10-20,Missing,File not found
2015-10-21,Missing,File not found
2015-10-22,Missing,File not found
2015-10-23,Missing,File not found
2015-10-24,Missing,File not found
2015-10-25,Missing,File not found
2015-10-26,Missing,File not found
2015-10-27,Missing,File not found
2015-10-28,Missing,File not found
2015-10-29,Missing,File not found
2015-10-30,Missing,File not found
2015-10-31,Missing,File not found
2015-11-01,Missing,File not found
2015-11-02,Missing,File not found
2015-11-03,Missing,File not found
2015-11-04,Missing,File not found
2015-11-05,Missing,File not found
2015-11-06,Missing,File not found
2015-11-07,Missing,File not found
2015-11-08,Missing,File not found
2015-11-09,Missing,File not found
2015-11-10,Missing,File not found
2015-11-11,Missing,File not found
2015-11-12,Missing,File not found
2015-11-13,Missing,File not found
2015-11-14,Missing,File not found
2015-11-15,Missing,File not found
2015-11-16,Missing,File not found
2015-11-17,Missing,File not found
2015-11-18,Missing,File not found
2015-11-19,Missing,File not found
2015-11-20,Missing,File not found
2015-11-21,Missing,File not found
2015-11-22,Missing,File not found
2015-11-23,Missing,File not found
2015-11-24,Missing,File not found
2015-11-25,Missing,File not found
2015-11-26,Missing,File not found
2015-11-27,Missing,File not found
2015-11-28,Missing,File not found
2015-11-29,Missing,File not found
2015-11-30,Missing,File not found
2015-12-01,Missing,File not found
2015-12-02,Missing,File not found
2015-12-03,Missing,File not found
2015-12-04,Missing,File not found
2015-12-05,Missing,File not found
2015-12-06,Missing,File not found
2015-12-07,Missing,File not found
2015-12-08,Missing,File not found
2015-12-09,Missing,File not found
2015-12-10,Missing,File not found
2015-12-11,Missing,File not found
2015-12-12,Missing,File not found
2015-12-13,Missing,File not found
2015-12-14,Missing,File not found
2015-12-15,Missing,File not found
2015-12-16,Missing,File not found
2015-12-17,Missing,File not found
2015-12-18,Missing,File not found
2015-12-19,Missing,File not found
2015-12-20,Missing,File not found
2015-12-21,Missing,File not found
2015-12-22,Missing,File not found
2015-12-23,Missing,File not found
2015-12-24,Missing,File not found
2015-12-25,Missing,File not found
2015-12-26,Missing,File not found
2015-12-27,Missing,File not found
2015-12-28,Missing,File not found
2015-12-29,Missing,File not found
2015-12-30,Missing,File not found
2015-12-31,Missing,File not found
